country_of_origin,flavor,aroma,body,uniformity,cupper_points,aftertaste,acidity,balance,clean_cup,sweetness,moisture,process_score,caffeine_score,producer_count,final_score
Papua New Guinea,8.42,8.33,8.0,9.33,7.92,7.83,8.33,8.25,9.33,10.0,0.12,1.0,1.0,1,7.760852719499491
Ethiopia,8.009090909090908,7.8963636363636365,7.92409090909091,9.87840909090909,8.048636363636364,7.893863636363636,8.043636363636365,7.972272727272727,9.954318181818183,9.86340909090909,0.08295454545454545,0.34545454545454546,1.0,44,7.015361634452102
Kenya,7.7824,7.7867999999999995,7.7264,9.9732,7.7132000000000005,7.7132000000000005,7.8660000000000005,7.8004,9.9732,9.9732,0.08,0.904,1.0,25,6.943806171837347
Colombia,7.597103825136612,7.653060109289617,7.609508196721311,9.934426229508198,7.620546448087431,7.5246994535519125,7.5600000000000005,7.708415300546449,9.94535519125683,9.952677595628415,0.062021857923497264,0.7289617486338799,1.0,183,6.777195267750077
Rwanda,7.92,7.83,7.75,9.33,8.0,7.75,7.83,7.75,9.33,9.33,0.11,1.0,1.0,1,6.5774363084962
